"Hillary, this is getting uncomfortable. #ImWithHer but ready for #Election2016 finalepic.twitter.com/dOGLWhaTjw"
Emerson College Polling predicts electoral landslide for Clinton.Let's make it happen! GOTV!#ImWithHer #ImAmericahttp://thehill.com/blogs/ballot-box/presidential-races/304663-emerson-college-polling-predicts-electoral-landslide-foræƒ
@LadyBusiness_ when i find myself in times of troubleMadame Clinton comes to me speaking words of wisdomlet him be. #imwithher
It bothers no one that Barry O is campaigning for #Hillary on the taxpayers dime?#TrumpPence16 #DrainTheSwamp #ImWithHer (except I'm not)
"Hillary Camp Openly Plots to Lie to the Press: ñTell Them a Big, Elaborate Lieî https://shar.es/1IhTLXæ #imwithher #trump2016 #trumptrain"
"Tnx for supporting Hillary, Madam Secretary. #ImWithHer https://twitter.com/madeleine/status/795730067406069760æƒ"
@Barbielk @JulietteLewis @_CharlieBarnett @MichaelEaly Who voting for Hillary??? #ImWithHer  Should I vote for Hillary?
"http://www.theblaze.com/news/2016/11/06/watch-clinton-campaign-gives-student-speaking-slot-at-rally-then-he-goes-rogue/æƒHa.  A ""Democratic Socialist"" tells the TRUTH about #ImWithHer #Hillary!#MAGA #MakeAmericaGreatAgain"
Psychic Scottish goat is with Hillary! #ImWithHer https://twitter.com/AdamSerwer/status/795662210198597632æƒ
@michellemalkin #ImWithHer #StrongerTogether #MAGAx3 #Hillary #Mexico #jesus #christian #blacklivesmatter #blm #spiritcookingThese hands?pic.twitter.com/MQ4fC1tf4m
"When I say #ImWithHer I mean Hillary, sure, but also Kelly Reichardt getting an Oscar nod. And @zoeinthecities doing a @FilmStruck guestspot"
Tomorrow is the day! Anxious. Hope that people make the right decisions. #ImWithHer #Hillary #ericawatts2016 #usa #palmettobay #girlpower
IK THAT CLINTON ISNT SO GREAT EITHER BUT NOWS NOT THE TIME TO VOTE THIRD PARTY OR WRITE IN BERNIE #ImWithHer
Because I'm an educated Black American #ImWithHer Ana Navarro: I'm voting for Hillary Clinton @CNNhttp://cnn.it/2eOEwCm
Premiums will increase further along w our taxes & government corruption under #Hillary#ImWithHer #StrongerTogether #Clinton #Election2016https://twitter.com/CounterMoonbat/status/791626315208065024æƒ
"#ImWithHer - 'Her' being both Hillary and Elena, obvi. https://twitter.com/billyeichner/status/795749561985798145æƒ"
"me: i'm undecidedmadonna: #ImWithHerme: Hillary Diane Rodham Clinton (born October 26, 1947) is an American politician and the Democratic"
Basically. #hillary #imwithher https://www.instagram.com/p/BMhmY7NAAtU/
That video that @tyleroakley just posted with Hillary is so cute she's like an adorable old grandma I'm in love  #ImWithHer
Why I'm Voting For Hillary Clinton #Imwithher http://youtu.be/uDeL4LGuBx4?a
"You know how Ginger Rogers had to do everything Fred Astaire did, but in high heels and backwards?  That's Hillary in D.C.  #ImWithHer"
2/ That's why she said she was standing in the long line to vote for Hillary. #ImWithHer #EarlyVoting #LosAngeles #Election2016
With a ton of people in LA calling/texting swing states for Hillary. I'm focused on you North Carolina.  #ImWithHer #pantsuitnationpic.twitter.com/bmz8lQhO8Q
"I'm practicing saying ""The President of the United States - Hillary Clinton and the First Mate - Bill Clinton!""  Mama like! #ImWithHer"
Hillary's a politician. I dislike politicians but I'd do anything to have a politician for Prez over a racist reality TV clown so #ImWithHer
She has my vote #ApoyamosAHillary #ImWithHer @HillaryClinton @Hillary_esppic.twitter.com/Y7k75LgoFL
"LA times electoral map. Hillary supporters, vote as if your life depends on it, it does #voteblue http://ln.is/www.latimes.com/nati/3K6QMæƒ #imwithher"
"Clinton: ""We need love and kindness."" #ImWithHer #StrongerTogether"
EXPOSE THIS EVIL!!! #spiritcooking #podesta #imwithher #pizzawithpodesta #pizzahut #PizzaGate #HILLARY #catsin5words https://twitter.com/i/moments/795578469061193729æƒ https://twitter.com/WDFx2EU8/status/795755453036707840æƒ
Hella people at the Hillary rally in Philadelphia. #imwithher pic.twitter.com/uesPrqmIl8
"""[#Hillary] knows there are so many people who do not have a voice."" #ImWithHer pic.twitter.com/UrwCB2RUsA"
Do not vote for Hillary Clinton! She has been a disaster for America #ImWithHer https://lnkd.in/dFSDuK4
Stocks Soar as Investors See Higher Chance of Hillary Clinton Win http://ow.ly/bDO7305X23zæ #ImWithHer
"@megsaystweet p.s. in case you wanted to know my standpoint, #ImWithHer. Hillary ALL the way. Absolutely terrified of the alternative"
catch me at the Livonia Hillary office tonight & all of tomorrow!! #ImWithHer pic.twitter.com/sSHhIvrUP3
Standing in line so far away from the gates of the #Hillary event in Philly. Wish I had any idea whether we'll get in. #ImWithHer regardless
#IMWITHHER:  Wall Street soars as investors see higher chance of Clinton win - Reuters http://social.denne.family/8uæ #StrongerTogetherpic.twitter.com/YNNHoPHlLv
Monmouth poll: Clinton leading nationally by 6 points http://on.app.com/2fw9kcUæ via @AsburyParkPress #Imwithher
We will be STRONGER TOGETHER. Please vote for Hillary Clinton and our Maryland Democratic Slate tomorrow. #ImWithHer pic.twitter.com/0DD1Uk5zSJ
"@enginefrog9 I think @juliamacfarlane has bought into the ""Hillary Clinton feminist"" schtick.Julia do u knw who Berta Caceras is? #Imwithher"
Don't put just anyone in this seat! #ImWithHer #Hillary #HillaryClinton #Hillary2016 #Democratspic.twitter.com/uedM0jw9Ix
Hillary Clinton Sends 'Cease and Desist' Demanding Withdrawal of 'FBI Investigation' Ads http://lawnewz.com/politics/clinton-camp-sends-cease-and-desist-demanding-ads-pulled-saying-shes-under-fbi-investigation/æƒ via @law_newz #ImWithHer
The line in #Philly has to be MILES long. So great to see so many out for Hillary. Let's make history on Tues! #ImWithHer https://twitter.com/thephillyvoice/status/795762081643589634æƒ
"even if we get the expected clinton win in the end, don't sleep on the possibility of #ImWithHer meltdowns based on meaningless early data"
Hillary will send our sons brothers fathers to warIf you have a man in your life you love- think about it#ImWithHer #ElectionFinalThoughtshttps://twitter.com/amiraminimd/status/795772643416776704æƒ
Make the right choice and vote for Hillary tomorrow!! #ImWithHer #MakeHistory #firstwomanpresident
Florida's early vote ends with record turnout in Democratic strongholds http://www.huffingtonpost.com/entry/florida-early-vote-2016_us_58200106e4b0e80b02cae01c?ncid=engmodushpmg00000004æƒ GO #Hillary!!! GO #Florida!! #ImWithHer
#IMWITHHER:  A Clinton Presidency: What Could Hillary Clinton Actually Get Done asƒ http://social.denne.family/8xæ #StrongerTogetherpic.twitter.com/nwJMQXztcq
I have already voted for Hillary and I am fired up to see her become our 45th President! #ImWithHer https://twitter.com/cjsabbagh1/status/795766318289063937æƒ
Going to phone bank for Hillary again!  #ImWithHer
Go Hillary! Let's hope America makes history again! #ImWithHer #5050Parliament http://fb.me/1whQIYAks
Lord please help Hillary Clinton become the 45th President of the United States of America in Jesus Mighty Name Amen #ImWithHer https://twitter.com/RachelAzzara/status/782589065333907456æƒ
@LaurenJauregui please tell us why why why you support #Hillary? #Imwithher#PodestaEmailspic.twitter.com/J31GguVsjp
"#GirlCrush #BlackLivesMater #MAGA #ImWithHer #Trump2016Beyonce Knowles, Hillary Clinton I HATE YOU https://youtu.be/5DkZXZnellEæ via @YouTube"
"If you want to remain in a country where all people are treated at least somewhat equally, please vote for Hillary #ImWithHer"
#ElectionFinalThoughts vote for Hillary so she can pardon me!  women unite! #ImWithHer pic.twitter.com/O3SYXa9BmG
"Here's a List of Facts Debunking Anti-Hillary Clinton Myths, Lies & Ridiculous Conspiracies - http://go.shr.lc/2b560DEæ #HillYes #ImWithHer"
Hillary and Obama.. you're really fucking up philly traffic.. ugh but #imwithher
After weeks of election anxiety it's finally melted away. Feeling relaxed and confident about Clinton winning tomorrow. #ImWithHer
We made reservations at Craftbar tomorrow. Hoping that @tomcolicchio will be there cheering on Hillary! #imwithher
Cubs fan breaks GOP voting streak and casts ballot for Clinton http://nydn.us/2fwc0cAæ #ImWithHer #thankyou
#ImWithHer Go Hillary!
Just walked miles to find the end of the line to Hillary's rally tonight in Philadelphia. My feet may hurt but my heart is full #imwithher
Just keep voting! Clinton has 90%?chance of winning: Reuters/Ipsos States of the Nation http://www.politicususa.com/2016/11/07/clinton-90-percent-chance-winning-reutersipsos-states-nation.htmlæƒ #ImWithHer @HillaryClinton
"´ #CrookedHillary told FBI she ""didn't remember (C)=classified""´ Hillary lied: used (C) in her emails#ImWithHerhttp://www.realclearpolitics.com/video/2016/09/06/assange_hillary_clinton_is_lying_about_not_knowing_c_classified_marking_emails_show_shes_used_it_before.htmlæƒ"
Hillary asks for our votes. VOTE!!! #ImWithHer https://www.facebook.com/hillaryclinton/videos/1319779711411888/æƒ
#IVOTED because I really really really want to have Clinton as POTUS since Obama is termed-out. #ImWithHer
FBI career agents on the #CrookedHillary case unanimously believed Hillary should have been charged#ImWithHerhttp://www.foxnews.com/politics/2016/10/13/fbi-doj-roiled-by-comey-lynch-decision-to-let-clinton-slide-by-on-emails-says-insider.htmlæƒ
"Here's how much ""private policy"" Clinton sides w/ ""public"" HRC. thks 2 @wikileaks 4info. #DemExit #FeelTheBern #PodestaEmails33 #ImWithHer pic.twitter.com/ZiWxi4D6pr"
Cold calling for Hillary! @HLA4HRC #imwithher pic.twitter.com/grxjWjQyDU
did some campaigning today for hillary and called people and urged them to vote felt really great to have my voice heard #imwithher
#Hillary #Clinton #Podesta28 #StrongerTogether #imWithHer Child sex trafficking and #TeamClinton [email].Are you #StillWithHer ?https://twitter.com/suziedaud/status/794296482937655303æƒ
I plan to wear a black #pantsuit in Hillary's honor. White on the #NYC subway? I don't think so. #ImWithHer https://twitter.com/nytimes/status/795755497097953281æƒ
"Make a plan to vote tomorrow! Polls open from 7am-7pm! Vote for Hillary, vote for our futures! #ImWithHer #Election2016 #makeaplan"
Line to get into #Hillary rally at Independence Hall #Philly is a full 15 city blocks long right now. #ImWithHer #ButImReallyFarAwayFromHer
#FIREDUP #READYtoGO #IMwithHER #HILLARY THANKS & LOVE #POTUS #OBAMA we are #StrongerTogether
In security line for Hillary rally in Philly! #ImWithHer pic.twitter.com/VJ3zD49nXT
Extremely scared for tomorrow. America needs to stand with Hillary. #ImWithHer
"ñPizza, Pedophiles, and Podesta.î by @villainial still with her? #imwithher #Hillary https://twitter.com/i/moments/795578469061193729æƒ"
I get chills thinking about the moment Hillary becomes our next president & I'll be alive to witness such a moment in our history #ImWithHer
"#Clinton is the safe, smart choice for change. That's why #ImWithHer."
Tomorrow | Hillary Clinton https://youtu.be/Z8AE7CzqCFcæ via @YouTube #ImWithHer #proudtobepa
Hillary supporters #WearWhiteToVote honor those women who died fighting for the right to vote #StrongerTogether #ImWithHer pic.twitter.com/CggEntC15M
"Have #Hillary #ImWithHer voters heard about #ClintonFoundation pay-to-play, uranium to ƒ #SpiritCooking? #TheFivehttp://vitw.it/link/DgBye"
I can't believe I'm in PA at a Clinton rally .... #ImWithHer
"""Hillary is tough. Hillary is courageous. She will fight to make our families safer. ThatÍs why #ImWithHer!"" - @GabbyGiffordspic.twitter.com/vsmAHVfpfF"
Let's get out the vote for Hillary! #ImWithHer pic.twitter.com/WfjWhBfMTw
"Ok, bawling, weeping openly and I might be embarrassed if I wasn't SO GODDAMNED EXCITED! #Election2016 #ImWithHer #Hillary #GVSUpic.twitter.com/6TkOHGtftu"
"Roses are red, life is a hassle, Hillary Clinton should crawl in my asshole #ImWithHer"
He is the King maker. Hillary will be our next President!Obama's last campaign - http://CNNPolitics.comæ #ImWithHer  http://www.cnn.com/2016/11/07/politics/barack-obama-frantic-final-campaign/index.htmlæƒ
"In honor of Hillary, I'm deleting all of emails in my inbox. #imwithher"
@mollymeddock_25 like do I want to wear my black Nike frees or my roshes when I go to vote for Hillary? #ImWithHer
Friends of hillary clinton #ImWithHer #UniteBlue #StrongerTogether #voteblue #GetOutTheVote #TopProg #NeverGOP #BlueWavehttps://twitter.com/CherylLynneRose/status/795677492707139584æƒ
@IngrahamAngle Hmmm! Do I go see the circus sideshow or real entertainers Bon Jovi & Lady Gaga with Hillary? LMAO! #ImWithHer
Hillary does not stop! Lady Gaga will be at her midnight rally in Raleigh!  Let's watch & VOTE!  #ImWithHer #Election2016https://twitter.com/ladygaga/status/795754305701584896æƒ
Hillary's Fight Against Citizens United #ImWithHer #StrongerTogether #VOTEHILLARYhttp://hrc.io/2esTKOj
#imwithHER GO HILLARY
#AmericaFirst #DrainTheSwamp #TrumpPence16 #FeelTheBern #ImWithHer Yikes!  Intel: Hillary killed Vince Fosterhttp://truthfeed.com/election-eve-bombshell-wikileaks-reveals-analysts-at-intelligence-firm-believe-hillary-killed-vince-foster/34376/æƒ
"Pantsuit Nation is giving Clinton supporters so much hope, http://buff.ly/2fvDnj0æ. ItÍs a place to celebrate how great she is. #ImWithHer pic.twitter.com/BtFB55MfFD"
I'm gonna cry when Hillary becomes president #imwithher
when u hilary clinton af #ImWithHer pic.twitter.com/gSOCGGQxXN
"I love hearing people call Hillary a criminal. Last time I watched Law and Order SVU, sexual assault was considered a crime.. #imwithher"
End this misogynistic horror show. Put Hillary Clinton in the White House | Barbara Kingsolver https://www.theguardian.com/commentisfree/2016/nov/06/hillary-clinton-white-house-donald-trump-bullying-barbara-kingsolver?CMP=share_btn_twæƒ #ImWithHer
Who voting for Hillary??? #ImWithHer  Should I vote for Hillary? Iam thinking about it @MatthewDaddario @DomSherwood1 @Kat_McNamara
"My aunt, who is 65+ & has never volunteered an hour for a political campaign in her life, is making calls for Hillary as we speak #ImWithHer"
@freddymylovee already cast my vote for Hillary :) #imwithher
#ImWithHer #TheFive Reince Priebus: FBI Is Still Investigating Clinton Foundation http://www.breitbart.com/2016-presidential-race/2016/11/06/fbi-still-investigating-clinton-foundation/æƒ
"Hillary Clinton is not the lesser of 2 evils- she's far greater than that, its about goddamn time people stopped equivocating. #ImWithHer"
this month's special election edition of pms: crying every time I watch a Hillary campaign vid #ImWithHer pic.twitter.com/zIr6I779lf
"Even if u dislike Hillary,she has much more experience.Better her thn a xenophobic violence-promoting sexist self-centered maniac #ImWithHer"
"i've never been a huge hillary advocate but tonight, #ImWithHer  pic.twitter.com/allZcB2tlN"
I'm not sitting on the sidelines of this election. I'm volunteering for Hillary. Join me: https://www.hillaryclinton.com/startæ #ImWithHer
Hillary goes high !!#ImWithHer #TrumpCantBePOTUS #StrongerTogether #Millennials #HillaryClintonForPresidenthttps://twitter.com/abcliz/status/795772037893652480æƒ
Exploring The Growing Possibility Of A Clinton Landslide http://bit.ly/2b5lRRjæ #ImWithHer #HillYes #TrumpPence2016pic.twitter.com/phAtrabHoA
"Because that would mean the gravy train would keep running. Our money, their profit. The Clinton way. #ImWithHer #ImWitHerhttps://twitter.com/DailyMail/status/795756320284610561æƒ"
One excellent reason for all elephant warriors to vote for Hillary. #ImWithHer #VoteBlue...http://fb.me/6xXoUqvSH
Hillary's so knowledgable even GW Bush and Cheney are voting for her. No thanks. Vote Jill Stein. #imwithher https://twitter.com/mayread3/status/795776141785178112æƒ
I love Hillary and tomorrow I am casting my vote for her #ImwithHer http://fb.me/7KA7paW1b
Please for the love of all things holy vote Hillary tomorrow! Go out and vote for the ones of us who are too young and can't vote #ImWithHer
Just me the NC Secretary of State.... no big deal. #RallyInRaleigh #Clinton #Gaga #BonJovi #ImWithHer #herstory
Bill Clinton Gives Final Solo Campaign Rally of the Election Cycle | ABC#greensboro #NorthCarolina  #ImWithHer http://abcnews.go.com/Politics/bill-clinton-final-solo-campaign-rally-election-cycle/story?id=43345210æƒ
Truths about hillary's corruption #Election2016  #ElectionFinalThoughts #StrongerTogether  #ImWithHer @DrJillSteinhttp://www.youtube.com/watch?v=a-xjiXfJ58Q&sns=twæƒ
@breewilliamson @AustinHighsmith This is a song for Hillary! #ImWithHer https://twitter.com/nastyas_letter/status/794536620154355712æƒ Please share and #VoteHillary
"""Your mom voted for Hillary because she's a feminist""...Ok and???? #ImWithHer"
FOX 2 Mitchell Poll: Clinton's lead increases to 5 percent in Michigan #WearWhiteToVote #StrongerTogether #ImWithHer http://www.fox2detroit.com/news/local-news/215858932-storyæƒ
"Hillary's closing case„'I've never quit and I never will. Tomorrow, let's make history together' http://www.dailykos.com/story/2016/11/7/1592669/-Hillary-s-closing-case-I-ve-never-quit-and-I-never-will-Tomorrow-let-s-make-history-togetheræƒ #ImWithHer"
Just made 75 calls to Arizona for Hillary in less than an hour!! Let's goooo  #imwithher #GiveEmHillpic.twitter.com/s6zmSDWsmX
Retweeted HILLARY 2016 (@simplymarcoo):RWETEET IF YOU HAVE OR WILL VOTE @HillaryClinton #ImWithHer #ShesWithUs... http://fb.me/1wHH4YtIr
#imwithher #byherimeanhillarynotjohn #partiallyobscuredbydiddy...again  #vote #hillary pic.twitter.com/dn9my9Aqra
@ColeLedford11 I literally live for your Hillary tweets Cole #ImWithHer pic.twitter.com/3gY8TUvjvH
@MidnightRarity we can only hope Hillary wins... #imwithher
I swear to god if Hillary doesn't win I'm gonna bust my nut in the worst way possible #imwithher
"signed off facetime with my mom by saying ""bye mom i love you and i love hillary"" #ImWithHer"
Hillary will be back tonight at ncsu campus at Reynolds for the midnight rally. #Imwithher !
#ImWithHer  I'm not American but if I was I would vote for Clinton
"""Unlike her opponent Hillary actually knows what's going on in the world"" #POTUS #ImWithHer #DontBooVote"
Follow this link to enter our #ElectionDay pool! The winner will receive a commemorative Hillary pendant! #ImWithHer http://ow.ly/KJia305WdKS
My Military Family... Voting For Hillary... #ElectionFinalThoughts #ImWithHer pic.twitter.com/HJO2DEzPCE
"Stage side, waiting for Bon Jovi & Springsteen! @HillaryClinton is going to be lifted across the finish line tomorrow! #ImWithHer #Clinton pic.twitter.com/KecrAexJ2N"
"#ImWithHer and America, you should be too. Stronger together and she will unite the world. Vote Hillary Clinton as a President for everyone. pic.twitter.com/eVVdANx1iC"
@wikileaks #ImWithHer because #TrumpTaxes are illegal...errr...brought to you buy Clinton!
#WearWhiteToVote #StrongerTogether #ImWithHer ~ Here's Why Clinton Supporters Are Wearing White To The Polls http://huff.to/2fi49vV
Countdown to midnight w/ Hillary! #imwithher #ncvotespic.twitter.com/N8fC20rKQj
I'll be sending booty pics to everybody that sends me a pic of Hillary's bubble filled out on they ballot starting 9am tomorrow #ImWithHer
VOTING FOR HILLARY? #TrumpPence16 #MAGA3x #ImWithHer #WithHerFirst #WithHer2016 #ClintonKaine2016 #ClintonKaine #Bernie2016pic.twitter.com/AkrYfmYfkw
"LIVE Stream: President Obama Campaigns For Hillary Clinton in Durham, Ne... https://youtu.be/-VSfpQ5fVnkæ via @YouTube #draintheswamp #imwithher"
"""Hate is not a plan."" Excerpt from a speech by Hillary Clinton yesterday in Pennsylvania. This says a lot in a short sentence. #Imwithher"
I'm voting Hillary Clinton for 45 #POTUS. Doing this in part because she will also protect the deplorables from themselves. #ImWithHer pic.twitter.com/7vmnIlCkti
It's time. VOTE! Elect Hillary Rodham Clinton the next President of the United States! VOTE!!!VOTE!!!!!! #imwithher #OHHillYes #HillYespic.twitter.com/6lpOcUyVUF
There are more behind me than in front of me #imwithher #philly #hillary https://www.instagram.com/p/BMhwWMQl1eP/
Got another @HillaryClinton shirt! Wearing tomorrow! Wearing my Clinton & Kaine one now! @timkaine #ImWithHer pic.twitter.com/pEFCSlqsRD
@Nick_Offerman Remember when they called it Clinton News Network....well those were the days. #imwithher
Q: Do you know why you never see anyone steal a #Hillary #ImWithHer yard sign?A: They're aren't any. pic.twitter.com/NTsVVL3sQv
cant wait to rep my girl hillary tomorrow #ImWithHer pic.twitter.com/nE98i07VIt
"@FiveThirtyEight now has Hillary at 69.4% chance of winning. Swinging NC, FL, and NV towards Hillary. #ImwithHer"
@zbleumoon @roz233 @HillaryClinton thats a beautiful photo#Animals #Nature #Compassion #Vote #Clinton #ImWithHer pic.twitter.com/4F3yj8ttGY
"#imwithher #maga #maga3x Get fucked, Hillary. Banana Republic ass primary. #DemExit #DemExitNOWhttps://twitter.com/PotluckPolitico/status/795730872200818688æƒ"
"#obama ""I know #Hillary I ran against #Hillary She worked for me. #ImWitHer #Imwithher #cnn #msnbc #abc #cbs #DontBooVote"
Everyone say your prayers tonight that Hillary takes home this election! #imwithher #youshouldbetoo #lovetrumpshate
@TheRickWilson CNN attempting to hide previously reporting Hillary did help a pedophile #ImWithHer #WomensRightspic.twitter.com/9S05NZV4uG
"Hillary Clinton, Release Final Campaign Ads Ahead of Election Day. #ImWithHer @TheDemocrats @punjabimodern1 http://ln.is/com/Kc7e6æ via @thr"
@LydHuitt thanks girl don't forget to vote for Hillary!! #ImWithHer
"All living past presidents endorse Hillary. If you were to have surgery, wouldn't you want the surgeon that all others recommend? #ImWithHer https://twitter.com/cubbler_rachel/status/795770445278670848æƒ"
I'm clearly on the right (left?) side of history. #ImWithHer #Hillary in #Phillyhttps://twitter.com/AskMrMickey/status/795773885602004993æƒ
RT if you can't wait for Hillary to ascend her throne #ImWithHer
#StrongerTogether #ImWithHer ~ Hillary Clinton Wraps Up Campaign With A Moving Video About How It All Began http://www.huffingtonpost.com/entry/hillary-clinton-campaign-video_us_58204840e4b0d9ce6fbd055aæƒ
#ImVotingBecause my kids depend on me to make the right choices for their future. Hillary is  the right choice. #ImWithHer #StrongerTogether
NBC News: Markets Roar Back to Life After FBI Clears Clinton - http://nbcnews.to/2eO1ERxæ #imwithher
President Hillary Clinton 2016 #ImWithHer #UniteBlue #USElections2016https://twitter.com/HillaryClinton/status/795744725303234562æƒ
Seen at Dem visibility: woman in passenger seat reached over across male driver and honked for Hillary! Sez it all... #imwithher
STILL VOTING FOR CLINTON?#TrumpPence16 #MAGA3x #ImWithHer #WithHerFirst #WithHer2016 #ClintonKaine2016 #ClintonKaine #Bernie2016pic.twitter.com/lNuufNStVu
HILLARY WANTS TO SELL AMERICA#TrumpPence16 #MAGA3x #ImWithHer #WithHerFirst #WithHer2016 #ClintonKaine2016 #ClintonKaine #Bernie2016pic.twitter.com/ieQmJlvVdc
ONLY ONE DAY LEFT to Volunteer For Hillary!  #WIBackHer #ImWithHer #StrongerTogether #HillYEShttps://www.hillaryclinton.com/start/
"When Hillary becomes president, can she please make Apple add a white wine emoji? #ImWithHer"
Im not a big fan of Hillary but the choice is clear. #ImWithHer
"THINK PEOPLE! IF YOUR PARTY CONTOLS THE NEWS, THERE'S A GOOD CHANCE YOU'VE ƒ #imwithher #hillary #clinton #berniehttp://vitw.it/link/370bK"
"On my call list for #Hillary, there's someone with the last name of Wiener. I'm not sure it's ironic, but it sure is something. #imwithher"
#BLM#ImWithHer#BlackLivesMatterHillary Clinton vows to FORCE black kids into FAILING Govt SchoolsSEE BELOW!https://twitter.com/UnPoliticalPrty/status/773966319100260354æƒ
"AFTER WIKILEAKS, NO ONE SHOULD BE VOTING FOR HILLARY!#TrumpPence16 #MAGA3x #ImWithHer #WithHerFirst #WithHer2016 #ClintonKaine2016pic.twitter.com/pMeaRo7Gys"
My Twitter and Facebook profile is full of Hillary and I'm cool with it.  #StrongerTogether #ImWithHer
I am so happy that the first president I get to vote for is Hillary Clinton #ImWithHer
This is our hour This is our moment The journey that began so long ago is nearly over Hillary will carry us over the finish line. #imwithher pic.twitter.com/025EHJFAnY
please please vote hillary tomorrow if you're able to #ImWithHer :)
Hillary Clinton & ISIS funded by same money - Assange https://youtu.be/yZrWQbpXPksæ #tcot #lnyhbt #hillary #uniteblue #imwithher #p2 #libcrib
Connor's voting for Hillary <3 #ImWithHer https://twitter.com/ConnorFranta/status/795699478846177280æƒ
Obama's last campaign| CNN#Ohio #NorthCarolina #Florida#Miami #Cleveland #Charlotte #ImWithHer #Clinton  https://amp.cnn.com/cnn/2016/11/07/politics/barack-obama-frantic-final-campaign/index.htmlæƒ
This Hillary rally line is halfway down the city. Way to go Philly!  #ImWithHer
Hillary canceled her planned victory fireworks. No reason given. What do you think? #imwithher #maga
The fabulous 45-ers working for Hillary! @Brits4Hillary @HillaryClinton @AdamParkhomenko @SFL4Hillary #ImWithHer pic.twitter.com/xQIPlqLDsY
Hilary Clinton is this Marine Iguana. #ImWithHer https://twitter.com/MrLukeJohnston/status/795609403789635584æƒ
Don't get complacent! We must ALL #GOTV #VoteBlue #HillYes #ImWithHerHillary Clinton Leads All Final Polls http://thebea.st/2fi23fQ
"I'm Ben Deutsch, and I approve this message. #imwithherWatch Hillary Clinton's final campaign ad http://ti.me/2ewmST5"
@TheRickWilson Wall St Funded Hillary $48.5m But she'll fight them? LOL#ImWithHer bows down to #Hillary lies pic.twitter.com/SHlg5FlGnm
#Clinton rally near @BklynCollege411 #ImWithHer pic.twitter.com/19EPUMmRT3
"you go america!!! vote for your future and for your well being, vote for hillary clinton #imwithHER"
Another confirmed lie distributed by the Clinton Campaign and the DNC.Imagine his image if they didnt lie about him.#ImWithHer #DNCLeak2https://twitter.com/wikileaks/status/795747649563557888æƒ
Hillary supporters #WearWhiteToVote honor those women who died fighting for the right to vote #StrongerTogether #ImWithHer pic.twitter.com/Q3c1LBvP40
The real Obama on Clinton #Imwithher #Hillary #MAGACheck out http://ln.is/link.brightcove.com/Hb4IMæƒ
He is so smart and resourceful. He knows what he is talking about ! Hillary is the ONLY way. #nastywomenunite #imwithher #HillaryClintonhttps://twitter.com/iansomerhalder/status/795770049114099712æƒ
I just took that a test that told me I am quite literally Hillary Clinton. #ImWithHer pic.twitter.com/NXvnngyTYF