"What Ivanka Trump Can’t Sell http://nyti.ms/2ewSYxS  DENOUNCE @IvankaTrump MERCANTILE FEMINISM, AND #GrabYourWallet. #nevertrump"
TRUMP FLIP-FLOPS: “Muslims are Fully Human” #satire #DumpTrump #NeverTrump http://faithrub.com/muslims-human-trump/ …
Every Trump supporter should have watched this by now: https://www.youtube.com/watch?v=rcUCLwWCihE&feature=youtu.be … #NeverTrump #ChooseCruz #DumpTrump #TrusTed #Cruz2016
"What Ivanka Trump Can’t Sell, via @nytimes #GrabYourWallet #NeverTrump #racisthttp://www.nytimes.com/2016/11/07/opinion/campaign-stops/what-ivanka-trump-cant-sell.html?smprod=nytcore-iphone&smid=nytcore-iphone-share …"
Funny Trump quotes to music. #NeverTrump Twitter cuts vids short- complete on FB: https://www.facebook.com/MattDowningMusic/videos/1756568407935025?c=25 …pic.twitter.com/rtzEobXF94
"I'm British, so in my mind and heart #ImVotingBecause in reality, I can't. For the love of Earth, please...not Trump #NeverTrump @midnight"
"#Trump, before he became #HitlerStalinTrump & #PsychoSatanTrump #NeverTrump #TrumpIsPutinsBitchpic.twitter.com/xCmwcVuGVE"
"Remember the old saying... When life hands you lemons, YOU STILL DON'T VOTE FOR TRUMP. #nevertrump"
"@MayorHodges @mnsd63dfl Trump has until the end of the day to insult ""Old Uneducated White Men"" to give him a 100% insult list. #NeverTrump"
"Fuck Trump Tower, 721 Fifth Avenue. #Election2016 #Vote2016 #DumpTrump #NewYorkValues #NeverTrump #fuckoffpic.twitter.com/dTgW6gzCxE"
"Make no mistake, ppl will stand in line to vote. The thought of #Trump as POTUS is a great motivator. #NeverTrump https://twitter.com/sebtianform/status/795712166934548480 …"
#NeverTrumpAnnnnnd Trump is OLDER making him un viejo  #Jaja! Perra estupida @TPOTEfan @ananavarro @VitruvianMonkeypic.twitter.com/6BGMCpxdnv
This entire election has made me nauseous. Until tonight. Because tomorrow we defeat Trump and move fwd to sunlight lands #NeverTrump
I prefer amatuer flipping every time a jerk irks me trustworthiness-flip-likability-flip-Trump-flip #NeverTrump https://twitter.com/Redistrict/status/795755891836514304 …
"Despite limitless smart targeting options, Trump spams Facebook asking for money... http://www.nytimes.com/2016/11/08/us/politics/facebook-ads-campaign.html?smid=tw-nytimes&smtyp=cur&_r=0 … #NeverTrump #DigitalMarketing"
"Lisa, the doctor, mentioned that Trump is a bawbag. #NeverTrump"
Donald Trump mocks hip hop as 'talking'| CNN#NeverTrump #music#BlackLivesMatterhttps://amp.cnn.com/cnn/2016/11/07/politics/donald-trump-rap-hip-hop-critique/index.html …
"#NeverTrump Advert: ""Trump will bring the change we've been waiting for"" Me: pic.twitter.com/5trz3TuG9l"
"#NeverTrump? #NeverHillary, either. That's all I'm saying.Trump has started no wars. Promoted no fracking.... http://fb.me/4qS04pmIS"
"Is Trump’s Rise Giving Progressives Second Thoughts? http://bit.ly/1MkZXVl If only we had been warned, eh???#EXGOP #NeverTrump"
#Trump is the ultimate con man he has convinced millions of ppl that he actually cares … #DonTheCon #NeverTrump http://vitw.it/link/B3A9m
"Robert, the police officer, reckons that Trump is a clawbaw. #NeverTrump"
"""Trump may be popular not despite his racism but because of it."" #NeverTrump #NoToTrump #BlackLivesMatter #GoHillaryhttps://twitter.com/Slate/status/795753979145764864 …"
"I'm already scared to be a woman b/c of the mentality of this country.If #Trump wins, I'll be terrified to walk down the street. #NeverTrump"
"Nancy, the shark wrangler, exclaimed that Trump is a jobby. #NeverTrump"
Trump's not even strong enough to keep his Twitter account and he'll #MAGA? Good luck with that. #NeverTrump https://twitter.com/sandratxas/status/795737558781202432 …
"To any #UndecidedVoters - he supports #Trump...Because he's also a racist, sexist, mean bully with a sense of white privledge #NeverTrump https://twitter.com/willfleet/status/795642892085706752 …"
"Trump is now attacking the media&the crowd is chanting ""CNN sucks"". The media is why you exist you orange gizzpuff #Election2016 #NeverTrump"
Funny Trump quotes to music. #NeverTrump Twitter cuts vids short- rest on FB: https://www.facebook.com/MattDowningMusic/videos/1756568407935025?r=31 …pic.twitter.com/RLjgvCFlXf
@HillaryClinton GoHillaryLatino Vote PowerFlorida going Blue #latinosforhillary #nevertrump Its over Se?or Trash Trump  Adios  pic.twitter.com/KZ5e8YwfKj
#trump is sickening! He could give a flying rat's a$$ who he hurts! He'll step on family if need be! #NeverTrump #ElectionFinalThoughtshttps://twitter.com/kurteichenwald/status/795762577326346240 …
My Afro doesn't support Trump. #NeverTrump https://twitter.com/littlemaclarge/status/795718076289392640 …
Final fact check: Donald Trump said 26 false things on Sunday | Toronto Star#TrumpLies#NeverTrump  https://www.thestar.com/amp/news/world/2016/11/07/final-fact-check-donald-trump-said-26-false-things-on-sunday.html …
"""I would bring back waterboarding & I'd bring back a hell of a lot worse than waterboarding."" #TRUMP on #torture#NeverTrump #PantsuitNation"
@NeilTurner_ @realDonaldTrump  Nice way to pull pieces from an anti-Trump ad for your own use. #NeverTrump
THIS. You never see or even hear of Trump talking to Barron. Sad.#Hillary4America#NeverTrump https://twitter.com/ABCLiz/status/795643789431939072 …
"Crybaby #Trump lamenting about a ""rigged system.""  Sir, @realDonaldTrump you are a charlatan, liar and faker. #NeverTrump #unfit #unhinged"
Harvard Psychologist Explains Trump Is 'Dangerous' Because He's Literally a Narcissistic Psychopath #NeverTrump http://countercurrentnews.com/2016/02/psychologist-explains-trump-is-literally-a-narcissistic-psychopath/?utm_source=Facebook&utm_campaign=FB_Biz_Part&utm_medium=FB_Biz_Pages …
@ibgecko They were protecting Donald by paying her off. #NeverTrump
@HinsleyCm I've been saying for weeks that a Trump victory would crash the financial markets. @cspanwj #dumptrump #nevertrump https://twitter.com/HinsleyCm/status/795642136485990400 …
#ImVotingBecause #Trump is #NazFascist hates #Constitution. My Grandfather fought #Fascism shot 3 times @ #BattleoftheBulge. #NeverTrump
Trump is a self absorbed megalomaniac who cares only for himself! You've been duped by a charlatan. #NeverTrump https://twitter.com/VA4DJT/status/795770417113952256 …
#Vote #NeverTrump ‘Hang the B*tch!’ ‘F*g!’ ‘N*gger!’: Uncensored Rally Videos Show Trump’s America - http://occupydemocrats.com/2016/08/03/hang-btch-fg-ngger-uncensored-rally-videos-show-trumps-america-2/ …
"If you’re a Trump supporter, here’s what you really are – Medium http://lnkplg.co/Qb7OE  #nevertrump #election2016 #dumptrump #hireme"
When Trump supporters say they hate HRC because she's morally corrupt. I think the irony's lost on them  #hypocrisy #nevertrump #canteven
#ImVotingBecause I'm Anti-Trump #NeverTrump #ElectionFinalThoughts #Election2016pic.twitter.com/oWAQ5ceKeZ
"#Trump's ""Great America"" would be back 2 the days of Mass Lynching. Reject the #racist & his KKK support #NeverTrump https://blackmainstreet.net/?p=10492"
A sad turn of events I heard @Adam_Khouri voted for Trump and has been disowned as a Piscotty son. @ryan_pk69 @carolinecampama #NeverTrump
"#ChrisChristie, the father of #bridgegate, is heading #trump's transition team? Wake up America. #nevertrump http://buff.ly/2fodzch pic.twitter.com/YLrmsk5WgZ"
"Trump and his following are chanting about the walls again, and Syrians, and the media, and blah blah blah. #NeverTrump"
Scary photo of #Trump campaigning yesterday.  A villain in a batman movie? At least hiding his face saves us from looking at it. #NeverTrump pic.twitter.com/TZKLPbztzH
"Karen, the shark wrangler, uttered that Trump is a roaster. #NeverTrump"
When the Women for Trump bus rolled into town and nobody came. #MakeAmericaSaneAgain #NeverTrump pic.twitter.com/jToqveNM2S
"Trump's Twitter, SO Clean...His campaign took it away from him. (Says it ALL!)#NeverTrump#TrumpTapes#DonTheCon#TrumpViolence"
"Tomorrow let's all unite together with one voice to tell Donald Trump ""you're fired!"" #NeverTrump #getouttovote"
Evan McMullin is on a quixotic bid to deny GOP nominee Donald Trump electoral votes. #NeverTrump #DumpTrump #unfithttp://ln.is/washingtonpost.com/Wntqb …
Why #NeverTrump? #FearWoman Accusing Trump Of Raping Her At 13 Cancels Her Plan To Go Public - The Guardianhttps://www.google.ca/amp/s/amp.theguardian.com/us-news/2016/nov/02/donald-trump-rape-lawsuit-13-year-old-cancels-public-event?client=safari …
"This Trump rally in Pennsylvania is seriously just ""Angry White Man"" 2016. #NeverTrump"
"#NeverTrump #YesThatGlennBeck / Glenn Beck says he supports #blacklivesmatter, thinks Trump is ""unhinged"" http://www.huffingtonpost.com/entry/glenn-beck-trump-black-lives_us_5820acfee4b0e80b02cb6485?ncid=engmodushpmg00000004 …"
I truly hope I never again have to see Trump's ugly mug and even uglier character after tomorrow. #NeverTrump
This is how I would react if Donald Trump wins on election night #NeverTrump #CodeGeass #GeassForToonami #SuzakuKururugipic.twitter.com/XaUk7gqun4
Publisher Covering Up Trump Rape? http://amzn.to/2aO4JyN  #NeverTrump #DumpTrump #NeverGOP #DonTheCon #Trump pic.twitter.com/vzdE2sHyrN
#Trump in New Hampshire RIGHT NOWat SNHU ArenaVERY LITTLE PEOPLE THERE #nhpolitics #NeverTrump pic.twitter.com/vncrNSKNIQ
Did [#GOP's] Trump Just Make Up An Award He Won? http://www.huffingtonpost.com/entry/trump-michigan-man-of-year_us_5820a413e4b0aac62485af81 … #p2 #tcot #economy #military #immigration #nevertrump #NoGOP2016
"@kathyaking @kurteichenwald PREACH IT, KURT! Expose Trump for the maniacal lunatic liar that he is!! #NeverTrump"
US (via @redstate): Yep. Still #NeverTrump - To say that I’ve been vocal about my distaste for Donald Trump wou... http://ow.ly/cs6P506gebV
Some last minute shade:Veteran journalist lists Trump’s lies and shady business dealings- http://deadstate.org/veteran-journalist-lists-trumps-lies-and-shady-business-dealings-in-devastating-tweetstorm/ …#nevertrump#Election2016
"Daniel, the shark wrangler, expressed that Trump is a diddy. #NeverTrump"
"In other made up news,Trump has a chance of winning  the election #NeverTrump #beattrump https://twitter.com/insighter007/status/795758576086106113 …"
"That 35% tax Trump talks about for imported items eventually would get passed into us, the consumers. Would kill economy.#NeverTrump"
My closing argument against Trump. #NeverTrump | Tom Nichols: What Trump has... http://ln.is/upSi2  by #RadioFreeTom via @c0nvey
"Donald Trump should have totally held a rally in Centralia, PA, to emphasize his push for more coal. Just to see what happened. #NeverTrump"
"Paul, the nurse, exclaimed that Trump is a bawbag. #NeverTrump"
Listening to Trump at a rally is like listening to a stand up comic. He does a routine & repeats the same things over and over. #nevertrump
Donald Trump is now launching vitriolic attacks on the Press. Probably because they exposed his predatory sexual tendencies. #NeverTrump
The Trump clown show is coming to an end. #NeverTrump  Get out and vote.
"This has to be one of the most hilarious, narcissistic things Trump has said. I hope America does the right thing tomorrow. #NeverTrump https://twitter.com/SopanDeb/status/795727192214867968 …"
@AnnetteLawson I'm watch #DelusionalDonald on #CNN. He's actually boring himself now. #NeverTrump   #Trump
Mormons are under fire from @GOP voters. We must not let Trump force us to back down. #NeverTrump #EvanMcMullinhttps://twitter.com/nealsilvester/status/795707317429923840 …
"Ron, the wizard, expressed that Trump is a dobber. #NeverTrump"
@HillaryClinton GoHillary??Latino Vote PowerFlorida going Blue #latinosforhillary #nevertrump Its over Se?or Trash Trump  Adios  pic.twitter.com/Vz12hvsV7V
Trump being elected president is ranked as a major global risk by Economist Intel Unit  #NeverTrump
"Trump *didnt pay taxes*Trump ""illegal Mexicans are living here without paying taxes""#NeverTrump #HillaryClintonForPresidentpic.twitter.com/FVdLwqgPWZ"
Veteran journalist lists Trump’s lies and shady business dealings in devastating tweetstorm - http://ln.is/deadstate.org/LRL3O … #NeverTrump #DontheCon
"‘I don’t trust Mr. Crazy’: Motivated by opposition to Trump, Hispanics are poised for historic turnout http://ln.is/washingtonpost.com/w4k5G … #NeverTrump"
#ImVotingBecause Donald Trump is too much of an AssHole to be POTUS!!!#NeverTrump pic.twitter.com/cU0kuBshr4
Head over to @kurteichenwald TL to see the recounting of Trump's history based on court records! #2016election #NeverTrump #VOTEHILLARYhttps://twitter.com/kurteichenwald/status/795751439708680192 …
"Me, too. Trump at least did this one thing. Now throw the racist, fascist clown to the curb. #NeverTrump https://twitter.com/mattbors/status/795686096587792384 …"
Every Trump TV ad & every word out of his mouth is a true lie. How are people falling for this #conartist ?  #NeverTrump
"Trying to be gracious to Trump voters, But No. I really can't. I do take it personally you are ok with his sexual assaults. #nevertrump"
"On the job at hand,  a poem by Donald #Trump #NeverTrump #Drumpf #RIPGOP #bardofthedeal @HarperPerennial #RememberwhenTrumppic.twitter.com/TqI7cl2dTg"
Do you realize how bad you have to be at managing money if you stiff your contractors AND still go bankrupt six times? #NeverTrump
My closing argument against Trump. #NeverTrump | Tom Nichols: What Trump has... http://ln.is/DR7HP  by #puppymnkey via @c0nvey
"Incase you missed this — The 282 People, Places and Things Donald Trump Has Insulted on Twitter  http://nyti.ms/1nCDVbd  #nevertrump"
"Donald Trump's 6 huge bankruptcies came from bad decisions, greed, and willingness to screw investors. #NeverTrumphttp://www.politifact.com/truth-o-meter/statements/2016/jun/21/hillary-clinton/yep-donald-trumps-companies-have-declared-bankrupt …"
"#ImVotingBecause any slight, teeny, tiny chance of a #Trump presidency makes me sick to my core. #NeverTrump  #HillaryClinton"
#hardball Hey Donald what's up with the low energy...must be the TelePrompTer #NeverTrump #ElectionFinalThoughts
Ladies Now Let's Get in Formation #RockTheVote #VoteBlue #Hillary2016 #NeverTrump #Trump #Election2016 #ElectionNight #ElectionFinalThoughtspic.twitter.com/x75H5pb7A6
Isn't it time everyone looks through ALL of @kurteichenwald tweetstorm on Trump? @Newsweek #txdecides #nevertrump #LoveTrumpsHate #cnnhttps://twitter.com/kurteichenwald/status/795767093396467712 …
#LOL #NeverTrump #StevieWonder: Voting for Trump is like asking me to drive http://www.huffingtonpost.com/entry/stevie-wonder-driving-equals-trump-presidency_us_5820c1a0e4b0aac62485fa21?ncid=engmodushpmg00000004 … via @blackvoices
"If you are foolish enough to contemplate voting for Trump tomorrow, take 15 minutes and read @kurteichenwald's feed from today. #NeverTrump"
Donald Trump is an existential threat to America and the world http://ti.me/2fMiiGa  @realdonaldtrump #NeverTrump #Trump #DumpTrump
TRUMP WILL WIN!  Do not listen to the #nevertrump SOB'S like Levin..  His true nasty self is raising it's ugly head again.
"If #NeverTrump crowd really wants to ensure demise of Trump-ism, it needs to develop for GOP a just & equitable alternative to Reaganism."
"Trump Goes Full Negative On Election Eve ‘The World Hates Us'(By ""Us"" he means him & his Deplorables)http://talkingpointsmemo.com/livewire/trump-north-carolina-the-world-hates-us …#NeverTrump"
"Donald Trump is right. The world IS laughing at us. Because of you, Donald. #NeverTrump"
"David Brock lookalike, and #NeverTrump cuck Glenn Beck @glennbeck pimps his new anti-Trump book on #MSNBC.pic.twitter.com/I0QosQPSW0"
"Lisa, the soldier, voiced that Trump is a dobber. #NeverTrump"
#Trump supporters should get health care from untrained that promise to make their health great again #NeverTrump pic.twitter.com/C0kbt3mCRg
"JPEGMAFIA x Freaky-I Might Vote 4 Donald Trump-30Days,30Songs “playlist Trump hates” https://youtu.be/7htstbQR868  #trump #putinpuppet #nevertrump"
@ColoniaUSA @PolitiFact @HillaryClinton Trump is the lightest liar and now the biggest loser #NeverTrump
My closing argument against Trump. #NeverTrump | Tom Nichols: What Trump has... http://ln.is/iaTgP  by #puppymnkey via @c0nvey
"U were arguing w/me,despite fact I'm #NeverTrump as well as #NeverHillary.""You really think Yemen will be better of with Trump?"" https://twitter.com/worldmist1/status/795735843679780867 …"
"POLITICS AP Just Confirmed Melania Trump Worked Illegally As An Immigran #nevertrump Mrs. Trump,… https://www.instagram.com/p/BMhhX_sAPV3/"
"#NeverTrump10fans/1,637twts? @teddivestCROOKED TRUMP HAS TROLL LIARS #LOL  SAD! @jayhawkmommy @indigoblueusa @ananavarro @MichaelSkolnikpic.twitter.com/ykefkXGFPu"
Are there suspicious ties between Trump and certain people at the FBI? @TheDailyBeast does a deep dive: https://goo.gl/ISyA8E  #NeverTrump
Trump says he’s put $100 million of own money into presidential run http://www.bostonglobe.com/news/politics/2016/11/07/the-latest-from-campaign-trail-donald-trump-camp-denies-stopping-him-from-tweeting/1KAa6vDjotad3WTkQdVrBJ/story.html?event=event25 … via @BostonGlobe Lying to the end #NeverTrump
"Meanwhile, in Manchester, @NHDems serve up a well-deserved welcome for Trump. #DumpTrump #NeverTrump #nhpoliticspic.twitter.com/rd9GGZZ3yR"
Wild Trump quotes to music. #NeverTrump Twitter cuts vids short- whole thing on FB: http://www.facebook.com/MattDowningMusic/videos/1756568407935025?x=9 …pic.twitter.com/RtMooXD4or
#NeverCaesar under the wire with the final debate's Trump-rested Development. https://youtu.be/x_-scvXH4Zc  #nevertrump #ArrestedDevelopment
Tomorrow's Drinking Game: Drink a shot every time a Trump follower blames #NeverTrump for losing. Puke if one blames their unfit candidate.
Trump on CNN dry beggin 4 votes & rattling off more factless talking pts!! #StrongerTogether #NeverTrump #TapOut
"#SMDH Trump continuing to Lie, Lie, Lie! He is one sick person. #NeverTrump #VoteBlueDownTicket"
Fact check: Trump believes states should be able to LOWER the minimum wage. #NeverTrump https://twitter.com/MyJoze/status/795714478574710784 …
If u think Trump is the evangelical choice u really dont understand Christianityhttp://www.dallasnews.com/opinion/commentary/2016/02/29/pieper-and-henderson-10-reasons-you-cant-be-a-christian-and-vote-for-donald-trump …#NeverTrump #EvangelicalsForHillary
Melania Trump Reported To US Customs For Immigration Violations http://bit.ly/2eetnic #ctl #p2 #TopProg #NeverTrump #Trump #UniteBluepic.twitter.com/ULeQwiXnN1
It's funny... Donald Trump seems to have mistaken himself with God. Give it a rest & shut up! #DonaldTrump #NeverTrump #DumpTrump #LIAR
#CheddarLIVE so this hashtag is not about a Trump rally live feed in Wisconsin???????  #NeverTrump pic.twitter.com/Vliesn3Rhy
My closing argument against Trump. #NeverTrump | Tom Nichols: What Trump has... http://ln.is/6w0Ln  by #RadioFreeTom via @c0nvey
I don't think that's the worst language Trump is ever heard. His is just as bad if not worse#Trumphypocrite #TrumpTaxes #NeverTrump https://twitter.com/cnn/status/795771207236784128 …
Please Listen to our Vets! https://www.crowdpac.com/campaigns/99426/women-veterans-talk-trump-and-tell-it-like-it-is-help-us-get-this-ad-out-there … #VoteBlue #NeverTrump #Trump #ElectionFinalThoughts #NeverTrump #Hillary2016 #Republicans
"OpenMikeEagle-How 2 Be Super Petty to Your Ex -30Days,30Songs “playlist Trump hates” https://youtu.be/UPpRfMj80WU  #pussy #putinpuppet #nevertrump"
I heard on the radio Donald Trump will ban Taco Tuesday's if he gets elected. We can't let that happen #NeverTrump #Vote
Voting for Trump means empowering racists to do harm against me and people like me. #nevertrump
"Hear that Christians...the Pope, a.k.a. The Holy Father, says DON'T #vote for Trump!BOOM.#NeverTrump https://twitter.com/KevinDarryl/status/795647051564515328 …"
This is disgusting and EXACTLY why we can't vote trump #ImWitHer #NeverTrump https://twitter.com/khanoisseur/status/795592689638981632 …
@LosinDonald + he keeps saying the same things over and over and over. All soundbites no policies. #NeverTrump   #DumpTrump  #Trump
If anyone is corrupt is you Donald Trump. Stop lying to your supporters you are a fraud you will destroy us #nevertrump https://twitter.com/realDonaldTrump/status/795741975022604293 …
In the U.K. even 'Neither' beats #Trump. #Vote America! The world is watching. #VoteBlue #NeverTrump #RIPGOPhttps://twitter.com/britainelects/status/795622403284070400 …
What Germans really think about those Hitler-Trump comparisons #NeverTrump #racist #PutinPuppethttps://www.washingtonpost.com/news/worldviews/wp/2016/11/07/what-germans-really-think-about-those-hitler-trump-comparisons/ …
"“Walls that enclose some and banish others . . . is that the life that our Father #God wants?"" ---- #PopeFrancis#NeverTrump #Wall #Trump pic.twitter.com/fguPtsQKuq"
I am still repulsed that Trump suggested that @tedcruz @marcorubio @BobbyJindal were not Natural Born U.S. citizens. #NeverTrump #NuncaTrump
"Why are there 9.4k retweets cuz I would NOT feel comfortable in a room with ANY Trump, even Ivanka.  Count me out! #NeverTrump https://twitter.com/tyleroakley/status/795710996379598848 …"
I hope someone is keeping track of how many lies #Trump is telling in these finale hours before he … #NeverTrump http://vitw.it/link/v3ggK
#wtf #NeverTrump #DumpTrump if you have half a brain &/or a degree how do you rationalize voting for Trump? pic.twitter.com/o9WF877M4K
"If Trump gets more votes than HRC, he wins. Voting 3d party doesn't change that. #NeverTrump https://twitter.com/BernieSanders/status/795069943813439492 … https://www.washingtonpost.com/news/the-fix/wp/2016/11/02/libertarian-party-vp-nominee-bill-weld-basically-just-endorsed-hillary-clinton/ …pic.twitter.com/6Y37ibQTcc"
How Trump votes are feeding the beast of white supremacy| DailyKOS#NeverTrump #cdnpolihttp://www.dailykos.com/story/2016/11/07/1592727/-How-Trump-votes-are-feeding-the-beast-of-white-supremacy …
"Calling a black Trump supporter a ""thug"" #NeverTrump https://twitter.com/rudygiulianigop/status/795626531586535431 …"
@DamonEarl @Lrharris535Lee @KevinCate what's amazing is how many GOP voters are not voting Trump #NeverTrump
Political Organizer For Trump Campaign Indicted In Hofmeister Fraud Case #GoTrump #GoHillary #NeverTrump  http://www.news9.com/story/33650152/political-organizer-for-trump-campaign-indicted-in-hofmeister-fraud-case …
"Trump is the most immoral and dictatorial candidates ever! No plan, no humility, no self control, no nothing #NeverTrump #VOTEHILLARY"
This is disgusting. I present to you the reason condoms were invented ladies and gentleman. Trump hate rhetoric on full display. #NeverTrump https://twitter.com/shaunking/status/795396842833985541 …
"Tomorrow we must show #Trump & his followers that we will not allow racists, misogynists, anti-semites … #NeverTrump http://vitw.it/link/DgB0l"
If you intend to vote for Trump I'd recommend checking out @kurteichenwald's page first. Great insight! #NeverTrump #Election2016 #ImWitHer
@realDenaldTrump the biggest twist would be if it was really The Donald! #NEVERTRUMP #AlwaysDenald
"Please identify this #Memphis #TN #Trump supporter. Calls guy #Nigger multiple times, screams #Trump2016. Typical #deplorable #NeverTrump https://twitter.com/ShaunKing/status/795396842833985541 …"
Pussies against #Trump. Never Trump!#CatsIn5Words #PussiesAgainstTrump #NeverTrump
Just remember Trump belongs on a reality tv show! #nottrump #NeverTrump #ElectionFinalThoughts #imvotingbecausepic.twitter.com/nXhcUdfEBt
I wonder if Trump knows what SEAL stands for...or which president restarted Navy SW. Or knows how many SEAL teams there are. #NeverTrump https://twitter.com/realDonaldTrump/status/795753162623815680 …
"Please remind eligible voters that may be voting for Trump, that they are voting DONALD TRUMP to be PRESIDENT of OUR COUNTRY. #NeverTrump"
The attack on Mosul is going exceedingly well. Draft Dodgin' Donald doesn't know what the hell he's talking about. #NeverTrump
Gingrich & Giuliani could get top jobs in a Trump White House: sources http://nbcnews.to/2eEOcls  via @nbcnews #AmericanHorrorStory #NeverTrump
"Actually listening to a full Trump speech. He is nuts. I mean seriously nuts. Sounds so low energy, yet quite crazy. Sad #NeverTrump"
"Quid pro Trump: You scratch my back, I'll stab you in yours. #DumpTrump #NeverTrump"
Trump keeps talking about #CleanCoal. I'm quite sure @RealDonaldTrump doesn't know that's an oxymoron. #EarthFirst #NeverTrump #Environment
"#GamerGate here's @VoxDay vs me on ""God Emperor Trump"" - him""Choker Donald"" - me #altright vs #NeverTrump http://heatst.com/world/vox-day-god-emperor-president-donald-trump-is-on-the-way-altright-election-debate/ …"
Remember when Donald Trump said that he wouldn’t take using nuclear weapons off the table? http://on.msnbc.com/2ex7tlm  #NeverForget #NeverTrump
@Trump20never101 #ImVotingBecause Donald Trump is too much of an AssHole to be POTUS!!!#NeverTrump
Stevie Wonder: Voting For Trump Is Like Asking Me To Drive #nevertrump http://www.huffingtonpost.com/entry/stevie-wonder-driving-equals-trump-presidency_us_5820c1a0e4b0aac62485fa21 …
"I am #NeverTrump, not because of anything the media says, but because of the things Trump has said. Oh, and btw #NeverHillary#Election2016"
"UPDATE: McMullin, others painting ALL Trump voters with racist brush; THAT and #NeverTrump destroying GOP? http://buff.ly/2exhYVN"
"So, a former miss usa contestant says Trump kissed her, & she's ok with it? Sorry, but.... #ItsNotOk #LockHimUp #NeverTrump"
#NeverTrump means Never Trump. It means he treats those unless fortunate than him badly = no character #noJudgement #noAlternative
Stevie Wonder: Voting For Trump Is Like Asking Me To Drive  #NeverTrump #DumpTrumphttp://www.huffingtonpost.com/entry/stevie-wonder-driving-equals-trump-presidency_us_5820c1a0e4b0aac62485fa21 …
They do not call him #CONald for nothing! #Trump is a #FRAUDa #CONa #LIARa #CHEATa #TAXEVADERa #BRIBER#Trump is #CROOKED!#NeverTrump https://twitter.com/Fahrenthold/status/795749306242310144 …
"Thomas, the baker, mentioned that Trump is a wallaper. #NeverTrump"
"#ImVotingBecause... Well, I can't really because I'm not American, but if i could, I'd like to make sure Trump doesn't win. #NeverTrump"
Trump is completely unqualified for the job of President. He is actually following Hitler's playbook. #NeverTrump https://twitter.com/VA4DJT/status/795767701419524096 …
"I am so proud of my fellow #NeverTrump-ers, who clearly see what a massive, and dangerous, fraud Trump is and refuse to support him."
"Donald Trump is unethical, immoral, selfish, unChristian & he does not deserve my vote. For the sake of our Daughters & Sisters: #NeverTrump pic.twitter.com/ZcSRFDsC91"
"now is not the time to vote 3rd party, people. this is not the time to rebel. this rebellion could lead to president trump. #neverTrump"
"My thought is that you don't know the difference between ""jive"" and ""jibe,"" General. Too much time with Trump? #NeverTrump #WeToldYouSohttps://twitter.com/genflynn/status/795395945643069440 …"
Stop Press: They took da Twitter away from da Donald! And they want to give him the reins of government? The NUCLEAR codes? #NeverTrump https://twitter.com/ajplus/status/795740977046622212 …
"TRUMP Positive message ""Lock Her Up"" now how in hell is that gonna Help anyone OR Fix anything Trump know he's defeated #NeverTrump @cspanwjpic.twitter.com/kAIYSI7LC6"
"Really, you can't say Redskins?  Why isn't it ***skins instead of Reds***? Maybe RedsKKKins? This is why Trump has supporters. #nevertrump https://twitter.com/thenation/status/795756674778824707 …"
"Thanks @ananavarro 4 standing up to the ""50 Shades of Crazy"" that is the Trump campaign staff/supporters. #CNN #msnbc #NeverTrump #ImWitHer"